date,temperature,precipitation,wind_speed,weather_state
2022-01-01,11.490142459033699,0.0,14.354267359131342,partly_cloudy
2022-01-02,9.757340658044793,1.4154450075426903,6.161097655499839,cloudy
2022-01-03,12.287281730529536,0.0,16.764331416110934,cloudy
2022-01-04,15.085286241456613,0.0,24.743673218444467,cloudy
2022-01-05,9.98556414385319,0.0,10.894429083892831,partly_cloudy
2022-01-06,10.157237116526924,0.0,9.256648874019184,partly_cloudy
2022-01-07,15.768655420996522,0.009904445947655232,13.155802998557993,partly_cloudy
2022-01-08,13.504384636452254,6.065281597357631,24.437801666885683,rainy
2022-01-09,9.964364563327791,0.0,16.552861047626863,cloudy
2022-01-10,13.170768337400705,0.0,10.750285643139211,partly_cloudy
2022-01-11,10.322678363377388,1.212984538184019,18.87101320950432,cloudy
2022-01-12,10.48507783772167,1.4496721373955421,6.1816628013086135,cloudy
2022-01-13,12.776931813384294,0.0,20.450876083543584,cloudy
2022-01-14,6.479374396068261,2.1984104741311667,18.26885846161414,cloudy
2022-01-15,7.211974162520402,0.0,12.537532230888928,partly_cloudy
2022-01-16,10.866670363438953,0.0,8.291313612422151,partly_cloudy
2022-01-17,9.681088214337784,0.0,7.906552621732342,partly_cloudy
2022-01-18,13.827566326591912,2.439396695081679,19.27853869076728,cloudy
2022-01-19,10.325140019999258,0.4509261088732207,24.831844019912495,cloudy
2022-01-20,8.97578551291777,0.0,9.901538023769643,partly_cloudy
2022-01-21,17.772175302705794,0.0,18.667093628411873,cloudy
2022-01-22,12.859432320304109,0.0,1.69621614881655,partly_cloudy
2022-01-23,13.899830042970503,2.2331581678090724,10.323058154742403,cloudy
2022-01-24,9.5823895037957,0.0,14.751528537032785,partly_cloudy
2022-01-25,12.381731718484183,0.0,7.722532664145331,partly_cloudy
2022-01-26,14.504703795252766,0.0,7.507949001683232,partly_cloudy
2022-01-27,10.874775193237404,0.0,9.65776354824891,partly_cloudy
2022-01-28,15.609387472441123,0.0,17.337541826610984,cloudy
2022-01-29,12.833586639272093,0.0,13.501367852749002,partly_cloudy
2022-01-30,13.912257151778055,2.299272469969244,2.9058498665997767,cloudy
2022-01-31,13.132635664911582,0.0,1.9656012210805294,partly_cloudy
2022-02-01,20.643543992047857,1.923869711101883,10.145078577142597,cloudy
2022-02-02,15.1936643994417,0.0,18.661492688428417,cloudy
2022-02-03,12.206918928515297,0.0,6.980038741801877,partly_cloudy
2022-02-04,17.991987867985763,0.06171663546781039,11.002158590786955,partly_cloudy
2022-02-05,12.004486612998111,0.0,10.790017147860631,partly_cloudy
2022-02-06,16.434593519552276,2.3393150720223006,26.106702225667583,cloudy
2022-02-07,10.068256497968308,0.0,11.91982550629709,partly_cloudy
2022-02-08,12.10021055445597,0.0,18.063911877927428,cloudy
2022-02-09,16.811051192016045,2.1510739873361775,16.130057120699707,cloudy
2022-02-10,18.569722748888005,0.0,2.0445318384576048,partly_cloudy
2022-02-11,17.000400453919724,0.0,21.1456577330539,cloudy
2022-02-12,16.26940133525806,0.2254261375653921,16.723172043650305,cloudy
2022-02-13,15.84112510156159,2.144984636931713,19.066149117396716,cloudy
2022-02-14,12.434961701134387,0.0,46.409901651490614,cloudy
2022-02-15,14.835050645332347,0.0,1.6729035159887076,partly_cloudy
2022-02-16,15.734649909938383,0.0,28.79757319808887,cloudy
2022-02-17,20.40780706161587,1.0448113649091946,12.700419844797155,cloudy
2022-02-18,18.38502509834524,4.092066922031506,17.298631235224075,cloudy
2022-02-19,12.180600410877352,0.0,14.635902037590062,partly_cloudy
2022-02-20,18.55530999297001,1.6741102118531048,11.606109332815652,cloudy
2022-02-21,16.538901427590428,2.682253571705317,10.44133657408993,cloudy
2022-02-22,15.772192509789878,4.215938201916679,17.636069884584074,cloudy
2022-02-23,19.744485434090375,0.0,2.862610426626567,partly_cloudy
2022-02-24,21.106609449234618,0.0,21.004633340174124,cloudy
2022-02-25,20.909230947422206,0.0,11.670444760917968,sunny
2022-02-26,15.697112963356226,0.0,5.959445287677138,partly_cloudy
2022-02-27,17.384069136104433,0.0,11.399897136033491,partly_cloudy
2022-02-28,19.399974350555475,0.0,25.057193734900583,cloudy
2022-03-01,21.424806296642355,1.143924993483773,10.717319303870216,cloudy
2022-03-02,17.15011686922216,0.0,17.867628945676962,cloudy
2022-03-03,18.117586617304518,0.0,9.152349794276214,partly_cloudy
2022-03-04,15.439912129424346,0.0,21.063374799388956,cloudy
2022-03-05,15.252055227191622,0.0,20.484061910321632,cloudy
2022-03-06,21.357390931778077,0.0,29.78887066637129,cloudy
2022-03-07,23.065028782234904,0.9128691252583723,13.595488436006276,sunny
2022-03-08,18.854107763285356,0.0,20.349238438063253,cloudy
2022-03-09,22.15187857552941,0.0,15.784540316311556,sunny
2022-03-10,20.29462095230925,0.0,25.366974254904115,cloudy
2022-03-11,17.340057571976594,0.0,9.249340899130157,partly_cloudy
2022-03-12,20.422559104754495,0.0,20.96004250301825,cloudy
2022-03-13,24.012670278816863,0.9344208011013524,13.442421631066546,sunny
2022-03-14,19.34848575694157,0.0,14.486494583132018,partly_cloudy
2022-03-15,24.204496130393554,0.15202617651077444,15.734019875586982,sunny
2022-03-16,11.703112953649823,0.0,17.01792317141342,cloudy
2022-03-17,22.07700535184868,0.0,14.070167655024335,sunny
2022-03-18,19.91854058126306,0.0,16.71770546536421,cloudy
2022-03-19,18.80361716711747,0.0,27.624944460497474,cloudy
2022-03-20,20.01628688133071,0.0,22.883597484921747,cloudy
2022-03-21,13.815776671253891,3.98042544378951,21.95323673997517,cloudy
2022-03-22,19.154049039203557,0.0,11.355683791809035,partly_cloudy
2022-03-23,20.916075882056163,1.3047087830304989,7.886073374173406,cloudy
2022-03-24,24.30717655816441,0.0,22.642404465902022,cloudy
2022-03-25,18.344514296052587,0.8348157628215953,22.008374340238355,cloudy
2022-03-26,17.49674128549976,0.9567027297976104,26.781365406007858,cloudy
2022-03-27,18.43690793818591,0.0,10.168154992246164,partly_cloudy
2022-03-28,22.70539631457801,1.7358221097305413,13.163610757117223,cloudy
2022-03-29,20.95950306006061,0.0,1.8841266997965267,sunny
2022-03-30,18.395073600254523,0.0,11.860231151513016,partly_cloudy
2022-03-31,21.5323024117369,2.8953462575737623,22.97256408463558,cloudy
2022-04-01,20.28891766784303,0.0,11.268036966174417,sunny
2022-04-02,22.90584236896057,2.532569487662782,20.12383836160659,cloudy
2022-04-03,17.893007304915322,6.225597450008411,13.47597515201751,rainy
2022-04-04,19.012476367080268,0.0,17.592456225772484,cloudy
2022-04-05,18.812472696453863,0.4357598214250259,5.8184688814746615,partly_cloudy
2022-04-06,15.588626764257565,0.0,15.681675597071209,cloudy
2022-04-07,20.85494984873543,2.0852658528155033,8.929087767205786,cloudy
2022-04-08,20.734218927546646,4.566164020132954,13.504830734704122,cloudy
2022-04-09,19.947908862601526,0.0,1.956214050278879,partly_cloudy
2022-04-10,19.207379239809107,0.0,24.647956132374528,cloudy
2022-04-11,15.640663676172164,0.12431980387744128,21.21925882211609,cloudy
2022-04-12,18.59754553134223,0.0,18.73336785572865,cloudy
2022-04-13,18.801121970219512,0.8665649586130768,27.16804981727504,cloudy
2022-04-14,17.38930510879004,0.0,7.408667833401302,partly_cloudy
2022-04-15,19.276248371325657,0.0,28.978905583324465,cloudy
2022-04-16,20.93333453673423,0.0,22.457532514083077,cloudy
2022-04-17,25.33793553387223,0.0,13.107557702248432,sunny
2022-04-18,20.158438924137005,0.0,24.084961177463555,cloudy
2022-04-19,20.359829342041255,0.0,6.149651900706926,sunny
2022-04-20,19.313472219005956,0.0,8.40388670777861,partly_cloudy
2022-04-21,13.72730215422459,0.0,10.131282214082397,partly_cloudy
2022-04-22,19.348069807556556,1.8849295219090247,10.768178335487878,cloudy
2022-04-23,19.549504092777394,0.0,6.547538857917978,partly_cloudy
2022-04-24,26.69696564783565,0.0,24.784664536762598,cloudy
2022-04-25,18.66582432758757,0.0,12.929164797041347,partly_cloudy
2022-04-26,20.080478287594772,0.0,17.820039746855038,sunny
2022-04-27,19.00191099182643,0.0,10.437189068690556,partly_cloudy
2022-04-28,15.52752391038825,2.2858673852523403,0.43517359561186275,cloudy
2022-04-29,22.38686135089415,0.4004131229672945,17.160458867131375,sunny
2022-04-30,21.136372324355253,0.0,0.2980398033582148,sunny
2022-05-01,21.1732178808645,0.0,14.450927631316251,sunny
2022-05-02,15.988900822709,0.0,4.053479689337516,partly_cloudy
2022-05-03,22.839804213307414,0.0,30.898207993846462,cloudy
2022-05-04,14.337668509121425,0.0,22.290901777397774,cloudy
2022-05-05,20.213061854931443,0.0,15.846030330171843,sunny
2022-05-06,24.930621671616308,1.3215367426536142,25.109653421237347,cloudy
2022-05-07,15.291933011847028,3.2797174348707183,8.229472180274113,cloudy
2022-05-08,16.466487325650842,0.0,19.347835029360745,cloudy
2022-05-09,18.36375355847237,0.0,16.59848346974971,cloudy
2022-05-10,16.451401675477562,2.0056119671487047,17.11216065066936,cloudy
2022-05-11,13.20450825758875,0.0,25.178828000854143,cloudy
2022-05-12,17.95452933808849,0.0,20.859936822238417,cloudy
2022-05-13,14.451974986727116,0.0,17.309789302600187,cloudy
2022-05-14,18.94744556722563,0.0,1.7609005101736308,partly_cloudy
2022-05-15,14.653947405784551,0.0,7.31962963776429,partly_cloudy
2022-05-16,21.945378755917492,0.4766281883603115,14.018328531234207,sunny
2022-05-17,14.827009259750909,0.0,15.74697899421321,cloudy
2022-05-18,16.089651552454754,0.0,5.958370202608609,partly_cloudy
2022-05-19,19.373363920978782,3.6634299643378476,34.29341340462737,cloudy
2022-05-20,13.115141145468296,0.0,27.131152442028583,cloudy
2022-05-21,17.363018445947723,0.0,19.81694656313987,cloudy
2022-05-22,20.472991834938135,0.0,15.576294890269958,sunny
2022-05-23,11.598097428681955,0.0,13.302328240790786,partly_cloudy
2022-05-24,16.841529721555258,0.6426322454683315,7.3846523198221155,partly_cloudy
2022-05-25,16.93249438237855,0.0,15.6198441481509,cloudy
2022-05-26,18.361709247581157,0.0,17.062020321142004,cloudy
2022-05-27,12.167000390290488,0.0,5.065915396147005,partly_cloudy
2022-05-28,11.776352839790416,0.2008240345822516,17.67341133795918,cloudy
2022-05-29,17.16171732095246,0.0,13.75792760940201,partly_cloudy
2022-05-30,16.343358405106066,0.0,0.26246046301912784,partly_cloudy
2022-05-31,16.05877903265696,1.7667202081332096,8.116919913763985,cloudy
2022-06-01,16.199968538649454,0.36787982984631584,11.691155732626846,partly_cloudy
2022-06-02,12.972343969722285,0.0,30.101501258721523,cloudy
2022-06-03,15.559488162569911,0.0,19.452424996270064,cloudy
2022-06-04,15.590812496634681,0.0,4.316147447200869,partly_cloudy
2022-06-05,12.416012681005483,0.0,18.888290315341095,cloudy
2022-06-06,20.00251137693922,0.0,2.621568088493076,sunny
2022-06-07,15.671502162430905,0.0,23.661528431096585,cloudy
2022-06-08,10.519649096548267,1.868369946647836,11.23100278545697,cloudy
2022-06-09,15.905563592466155,0.0,14.250910490086634,partly_cloudy
2022-06-10,10.853034641357684,0.5277933258825777,25.60637318033752,cloudy
2022-06-11,15.978391118525032,0.0,4.702691451326,partly_cloudy
2022-06-12,16.931909863729548,1.805152095078644,3.82305451909607,cloudy
2022-06-13,10.832037867190174,1.3734034299838318,10.331205389231961,cloudy
2022-06-14,16.021198797091234,0.0,23.307030808154533,cloudy
2022-06-15,14.205470973544402,0.29338322523065463,2.8452313961852607,partly_cloudy
2022-06-16,15.268487231975628,0.0,7.657244784884551,partly_cloudy
2022-06-17,18.327033875241913,1.0360992016207988,11.39072913272801,cloudy
2022-06-18,11.734057456800745,0.0,19.413926399287362,cloudy
2022-06-19,10.041848209233653,0.0,24.602093997910636,cloudy
2022-06-20,9.46666586552139,2.358145150639629,11.294709103316809,cloudy
2022-06-21,9.51929804303945,9.47877361572874,11.70858714307198,rainy
2022-06-22,11.566360729013311,0.0,24.231205874045976,cloudy
2022-06-23,12.651526053835104,0.0,0.042066402436635286,partly_cloudy
2022-06-24,12.288064367188808,0.0,11.891833798535925,partly_cloudy
2022-06-25,13.769031521633885,0.0,16.52339111940046,cloudy
2022-06-26,11.155595746850672,0.0,18.593749770280276,cloudy
2022-06-27,15.305969729643943,0.16550137469559495,10.921546454472939,partly_cloudy
2022-06-28,9.979894292620761,0.0,15.27552809364673,cloudy
2022-06-29,18.762640273426786,0.0,4.906618827303916,partly_cloudy
2022-06-30,12.307224373340324,0.0,9.734012701329213,partly_cloudy
2022-07-01,7.6867117330224835,0.0,18.628069700435738,cloudy
2022-07-02,6.87339247470355,0.0,7.141647725962564,partly_cloudy
2022-07-03,11.361347276842675,0.0,15.47187377271678,cloudy
2022-07-04,9.071427241751124,0.0,18.574980006421583,cloudy
2022-07-05,11.711779152230973,0.0,12.25960639313788,partly_cloudy
2022-07-06,10.817580100062706,0.0,16.363710167972567,cloudy
2022-07-07,9.00764846969475,3.222444084318504,7.298139477723102,cloudy
2022-07-08,6.514251347622792,0.532394615368412,13.347109762431627,partly_cloudy
2022-07-09,4.338868254725462,0.0,19.88172935671378,cloudy
2022-07-10,7.37297336927313,0.0,16.255783687747474,cloudy
2022-07-11,11.111204413771674,2.104664080820528,10.307749843488516,cloudy
2022-07-12,9.014211103005447,1.5226712651494634,16.793731234326344,cloudy
2022-07-13,4.465117806608415,0.7841120849682921,20.716878325092942,cloudy
2022-07-14,8.552813879617783,0.8099362024476936,1.399530228619824,partly_cloudy
2022-07-15,9.020742984788551,0.0,24.272592519647183,cloudy
2022-07-16,5.045370989090481,0.0,12.309962090551425,partly_cloudy
2022-07-17,7.990953513027231,0.0,18.40391946592184,cloudy
2022-07-18,7.537971228057927,0.0,24.57797538916182,cloudy
2022-07-19,3.76878235451597,2.6234910483856226,4.026610422156272,cloudy
2022-07-20,8.10623388830995,1.2517458559648178,9.324471980579627,cloudy
2022-07-21,8.551283169746435,0.0,12.691610432994361,partly_cloudy
2022-07-22,9.955068907280529,0.0,8.729971831004573,partly_cloudy
2022-07-23,9.705283029397377,0.0,28.87949260669447,cloudy
2022-07-24,2.2498545888310533,0.38547832588140707,8.145823249385657,partly_cloudy
2022-07-25,3.409445228214985,0.0,10.555625764105066,partly_cloudy
2022-07-26,7.609203035061315,0.0,16.635112252823813,cloudy
2022-07-27,7.447798264580415,0.0,5.382803791391289,partly_cloudy
2022-07-28,7.295139659222604,0.0,11.83455430594989,partly_cloudy
2022-07-29,17.153006628459213,0.0,17.539626090001402,cloudy
2022-07-30,7.15360459699491,0.0,12.33711676493991,partly_cloudy
2022-07-31,8.695101843803158,0.8541075229709083,14.252905128800414,partly_cloudy
2022-08-01,7.999278219392705,2.186722545752177,10.765343100413034,cloudy
2022-08-02,6.941755619459639,3.1738852858327005,2.8842375265538642,cloudy
2022-08-03,3.8935683559204373,0.0,17.57274569071391,cloudy
2022-08-04,6.96960717986047,0.0,29.03946457317793,cloudy
2022-08-05,2.2291199709807774,0.0,15.147213046267504,cloudy
2022-08-06,3.693651555678211,0.3307306906448056,16.802112937980397,cloudy
2022-08-07,2.806186677469446,0.0,20.541782040934876,cloudy
2022-08-08,4.367769895234234,0.0,4.845356027626407,partly_cloudy
2022-08-09,10.927735067771298,0.0,28.620117265036846,cloudy
2022-08-10,-1.7546415774085213,0.0,16.618630371382416,cloudy
2022-08-11,5.771152425165196,0.0,28.05485519271287,cloudy
2022-08-12,-1.2586947459345907,0.0,9.135736035808085,partly_cloudy
2022-08-13,2.0326408305408488,0.1866979590860436,29.5444953804626,cloudy
2022-08-14,6.586213148766766,0.0,21.201243952278265,cloudy
2022-08-15,3.385105962516228,0.27327467045781423,19.424320686818866,cloudy
2022-08-16,-0.16604660265768967,3.4981774698706785,16.872195634825182,cloudy
2022-08-17,0.7982527711483209,3.0467781340373303,13.011771055404406,cloudy
2022-08-18,4.862024110044413,0.0,24.60425326779098,cloudy
2022-08-19,0.5133245639837138,0.0,16.122878958784376,cloudy
2022-08-20,3.237155660259967,0.0,0.7365576286972182,partly_cloudy
2022-08-21,2.6100472443913585,0.610640278358255,6.062508306343981,partly_cloudy
2022-08-22,0.4063128292771201,0.0,13.513233982458022,partly_cloudy
2022-08-23,8.682991854305572,0.0,17.47999186532444,cloudy
2022-08-24,4.045258516166889,0.0,14.547292088800834,partly_cloudy
2022-08-25,-4.037256397798975,0.0,24.751766318349304,cloudy
2022-08-26,2.494563481098836,0.7291962438952043,0.6088149123089988,partly_cloudy
2022-08-27,-0.15073990876432086,0.0,16.14870349204128,cloudy
2022-08-28,4.293758017149578,0.0,0.45616619690276217,partly_cloudy
2022-08-29,-0.7368170094844668,1.835555340441584,21.077698363873345,cloudy
2022-08-30,1.203300102068669,0.0,14.244330284463977,partly_cloudy
2022-08-31,2.9717401394431033,0.0,18.356879776192944,cloudy
2022-09-01,3.9658443020112495,0.0,8.08893631528187,partly_cloudy
2022-09-02,-2.3179524082605454,9.69652653072047,25.235719453262007,rainy
2022-09-03,0.19637425274179865,3.8133302266565607,23.33379731247081,cloudy
2022-09-04,-0.30540915977779814,0.46767736767886375,19.6683544240951,cloudy
2022-09-05,-0.9183806050702239,0.0,13.963862025092475,partly_cloudy
2022-09-06,6.262804697596449,0.0,19.638858282361056,cloudy
2022-09-07,2.108898831940704,3.4014591480214516,9.344859456101208,cloudy
2022-09-08,-2.9584881235990697,0.0,21.844445272165697,cloudy
2022-09-09,3.5106786192333934,0.0,28.19584715459137,cloudy
2022-09-10,7.059229280658106,4.0507658383112535,23.564884479833488,cloudy
2022-09-11,3.728582318699126,0.0,9.163180241540724,partly_cloudy
2022-09-12,-3.9857213317662463,0.0,17.891338538184822,cloudy
2022-09-13,-0.9363180187204709,0.7267637391835735,4.654867649930818,partly_cloudy
2022-09-14,4.263923481255413,0.16876265840149893,19.579122489405407,cloudy
2022-09-15,-1.7101865667293055,0.0,18.60482730290031,cloudy
2022-09-16,1.6967527987971989,0.0,0.041469283742687324,partly_cloudy
2022-09-17,2.644524330047369,0.0,5.70572924870109,partly_cloudy
2022-09-18,-2.5019733810248606,0.0,12.734888826049863,partly_cloudy
2022-09-19,0.06131842549091698,7.427180604254166,12.59312202287339,rainy
2022-09-20,-9.519938936662118,2.0487102290722485,5.324184516649558,cloudy
2022-09-21,-2.902428443802692,0.0,18.11182983481747,cloudy
2022-09-22,-0.6171859538177837,0.2843364175331189,17.011788871524097,cloudy
2022-09-23,-3.630125448217952,3.961213086672902,13.445846944171846,cloudy
2022-09-24,4.98609327186036,0.0,8.953667998733096,partly_cloudy
2022-09-25,-4.222992626556041,0.0,23.38965701133251,cloudy
2022-09-26,-1.2711865710979255,0.0,28.243256904706364,cloudy
2022-09-27,0.42563271431657357,0.0,11.131508129227704,partly_cloudy
2022-09-28,4.344648258544425,0.38435261690915856,10.102664662761434,partly_cloudy
2022-09-29,-4.296383609388654,0.0,18.92966132329597,cloudy
2022-09-30,3.4940284495913065,1.0171996313391356,12.13576496202411,cloudy
2022-10-01,0.0315325965113827,0.0,13.884822394694126,partly_cloudy
2022-10-02,-2.9444333505057547,0.0,20.917225213797373,cloudy
2022-10-03,1.3886254029909042,0.0,0.2748487000583424,partly_cloudy
2022-10-04,0.6046789743235754,0.0,25.546418598821354,cloudy
2022-10-05,-1.7850048430320262,0.0,15.58144419463473,cloudy
2022-10-06,0.23615652388850142,6.599906679954215,11.708054843502559,rainy
2022-10-07,-1.115130752057072,0.0,14.286126766228408,partly_cloudy
2022-10-08,0.39837296681422396,0.0,14.69943484016415,partly_cloudy
2022-10-09,2.0641699293838167,1.1330215820164997,1.1503895724405968,cloudy
2022-10-10,4.858725497562525,0.0,26.95950581962589,cloudy
2022-10-11,-3.586940920420411,0.0,15.330605058164947,cloudy
2022-10-12,6.5543619564478774,1.1578937812530967,18.544017043579,cloudy
2022-10-13,-5.669328101283599,0.0,22.612398164592342,cloudy
2022-10-14,-0.2338387001633182,0.0,6.830700339517598,partly_cloudy
2022-10-15,2.0239470677295235,0.0,18.787775192281828,cloudy
2022-10-16,1.142336384690028,0.0,12.858871272809651,partly_cloudy
2022-10-17,-1.5254979360103318,0.0,21.77416620173195,cloudy
2022-10-18,-0.2356645897948335,0.0,2.017819362811963,partly_cloudy
2022-10-19,-1.0413510698955577,0.0,14.207245598069848,partly_cloudy
2022-10-20,-1.278659433784171,3.0351909864478603,10.177434753728306,cloudy
2022-10-21,3.0928424167916466,0.0,18.458103605073244,cloudy
2022-10-22,1.6724858784761885,0.0,18.760353498945616,cloudy
2022-10-23,-1.4171010740112142,10.54386395347333,9.338992841423792,rainy
2022-10-24,3.423382790507787,0.0,9.302609086591652,partly_cloudy
2022-10-25,1.7121856854634816,0.0,14.114677051541364,partly_cloudy
2022-10-26,3.2973064746635443,8.230596155313906,7.826862181478335,rainy
2022-10-27,2.818748397744476,0.0,21.735869563617015,cloudy
2022-10-28,-1.4832937292886506,0.0,12.046342396420432,partly_cloudy
2022-10-29,-0.6003565851863957,0.0,8.255905754573131,partly_cloudy
2022-10-30,3.401205715936148,0.7227294118822196,12.001423547025551,partly_cloudy
2022-10-31,3.0721937448579615,0.21304640710312298,6.691649433248221,partly_cloudy
2022-11-01,1.2627316708115843,0.0,1.9497934763124363,partly_cloudy
2022-11-02,1.7643425671683146,0.0,5.10058689421942,partly_cloudy
2022-11-03,5.334823772089997,1.4243425048692737,15.87526777466376,cloudy
2022-11-04,-0.18089822285227264,0.0,25.629126625985847,cloudy
2022-11-05,3.3295858798520364,3.363697553353431,17.50547579091984,cloudy
2022-11-06,1.1786565096741723,0.0,10.147972894274083,partly_cloudy
2022-11-07,1.231565800244728,0.0,18.64723356136562,cloudy
2022-11-08,5.282719674214801,0.0,11.327277518248065,partly_cloudy
2022-11-09,4.566792479396315,1.4974951117590685,9.443197046694843,cloudy
2022-11-10,4.637570397294155,0.0,5.765098654136125,partly_cloudy
2022-11-11,6.222288152623606,0.28015785172069024,0.9853695459862468,partly_cloudy
2022-11-12,2.479953440112652,0.0,11.880610347524438,partly_cloudy
2022-11-13,4.576138036919341,0.0,16.264427919361054,cloudy
2022-11-14,1.7150295005797738,0.43288836412282716,14.227010639880882,partly_cloudy
2022-11-15,3.736058674506203,0.9169703667658705,11.672264576421131,partly_cloudy
2022-11-16,2.4930046140791955,0.0,7.434031514425751,partly_cloudy
2022-11-17,3.2964046244616836,0.0,19.86596953347975,cloudy
2022-11-18,4.914943404074067,0.0,4.46294464042732,partly_cloudy
2022-11-19,0.8009017619701253,2.9333166523403835,21.208223310747805,cloudy
2022-11-20,9.66081564463359,0.0,6.982263848586202,partly_cloudy
2022-11-21,0.4956522451510761,0.0,8.98051810117572,partly_cloudy
2022-11-22,0.0031111527350282664,0.0,3.265718475074584,partly_cloudy
2022-11-23,7.253865136091523,0.0,10.988782824914907,partly_cloudy
2022-11-24,6.290219380737544,0.0,22.80249966782383,cloudy
2022-11-25,5.925092581548825,0.0,19.125024707551653,cloudy
2022-11-26,6.077033793254827,0.0,22.82737689622428,cloudy
2022-11-27,4.296242118548072,0.0,19.177140367471488,cloudy
2022-11-28,1.7838837538663026,0.0,6.170641371757046,partly_cloudy
2022-11-29,4.847361959198187,0.02438966049755524,12.35368620537954,partly_cloudy
2022-11-30,2.7343587918081624,0.0,8.7584069670603,partly_cloudy
2022-12-01,7.838649761732211,0.0,25.644599232312324,cloudy
2022-12-02,4.621072353893811,0.0,5.425690828589508,partly_cloudy
2022-12-03,2.7361700084645824,6.416695100382467,22.149581515112885,rainy
2022-12-04,4.400339766012507,1.338291248222336,22.143630960870155,cloudy
2022-12-05,6.756500945422767,0.0,29.636961613728698,cloudy
2022-12-06,3.9810704160837593,1.587966954003389,11.722507258964022,cloudy
2022-12-07,3.3614027871775356,0.0,20.698577276641295,cloudy
2022-12-08,6.716181742416,3.7203817747996184,33.25321469231074,cloudy
2022-12-09,6.878265650890094,0.20646463217324765,10.058866584530428,partly_cloudy
2022-12-10,4.781925044979879,1.3398034712596925,2.7196780197411226,cloudy
2022-12-11,5.050123861381311,0.3251523674358489,0.040080271262109335,partly_cloudy
2022-12-12,7.320920816131774,0.0,20.70169623089065,cloudy
2022-12-13,2.443050358584377,2.6739197560495818,0.06520166446867037,cloudy
2022-12-14,2.7283964303074413,0.0,12.021447576496618,partly_cloudy
2022-12-15,4.959843007436594,0.0,18.498505496311687,cloudy
2022-12-16,6.640076969523405,0.0,16.48140429463931,cloudy
2022-12-17,8.379189745632134,0.0,18.40355891347338,cloudy
2022-12-18,12.039340990789157,0.0,16.778318846406833,cloudy
2022-12-19,10.353763739564391,0.0,25.230926506507146,cloudy
2022-12-20,7.4691394114235266,6.2171161260445995,7.381468954089624,rainy
2022-12-21,8.060684277859494,0.0,9.58403889233175,partly_cloudy
2022-12-22,5.279480464271796,0.0,8.818724437833408,partly_cloudy
2022-12-23,8.40137238538002,0.0,21.64153449490088,cloudy
2022-12-24,7.761236362106934,0.0,22.203188707160507,cloudy
2022-12-25,9.766075232020741,0.0,18.609802554548065,cloudy
2022-12-26,6.4872901948686765,0.0,24.46794933511942,cloudy
2022-12-27,10.69839155534905,0.0,5.575673060988954,partly_cloudy
2022-12-28,13.910192470984526,0.0,28.337792892409098,cloudy
2022-12-29,9.157522882396885,1.2378518696785592,27.185908973698066,cloudy
2022-12-30,10.860919050069366,0.0,20.884975977965972,cloudy
2022-12-31,11.898298413574985,2.1538224714325245,29.25439127016848,cloudy
2023-01-01,8.796338584342498,0.0,1.7470143385778094,partly_cloudy
2023-01-02,10.84441100698959,0.0,10.804414909898785,partly_cloudy
2023-01-03,10.381993318572848,1.903491728221744,9.117572314544383,cloudy
2023-01-04,10.809224967879024,0.1379544015638108,20.771834590058745,cloudy
2023-01-05,8.368994916456803,1.4613160839784363,6.598874083182835,cloudy
2023-01-06,10.93317851015129,0.0,21.059961194699884,cloudy
2023-01-07,12.5250118482107,0.0,25.96428915197371,cloudy
2023-01-08,15.555511272378647,0.0,20.561623200671995,cloudy
2023-01-09,14.250600199388268,0.0,17.27000818929201,cloudy
2023-01-10,18.002635579177483,0.0,7.0970132727940065,partly_cloudy
2023-01-11,9.410888753150624,0.0,8.225192270997084,partly_cloudy
2023-01-12,14.499229008594478,0.0,24.996951242373335,cloudy
2023-01-13,12.601071015901242,0.0,21.23479203124266,cloudy
2023-01-14,18.788623929694673,0.0,14.687843844979646,partly_cloudy
2023-01-15,9.961832803994042,0.024364760019591942,11.656723633872875,partly_cloudy
2023-01-16,10.03436742461954,0.0,1.2064629848910151,partly_cloudy
2023-01-17,10.92140363900898,0.0,6.4331806505244895,partly_cloudy
2023-01-18,6.513137155876666,0.8715952714673983,30.291352697117787,cloudy
2023-01-19,11.471947181520598,0.0,4.756355431980266,partly_cloudy
2023-01-20,10.935298632262544,0.8606529013337602,16.515838569768647,cloudy
2023-01-21,13.826410355369763,2.9802323994633007,23.059551785561588,cloudy
2023-01-22,14.562029149095194,0.0,4.96061865598166,partly_cloudy
2023-01-23,19.325757946554393,0.4096143102199993,16.477683798248666,cloudy
2023-01-24,16.707905576994218,0.0,22.50332430008524,cloudy
2023-01-25,12.284168925072525,0.0,15.099994575258002,cloudy
2023-01-26,11.476692012078093,2.1594008200670256,37.94722444533414,cloudy
2023-01-27,15.80351344002383,0.0,1.6512059289744379,partly_cloudy
2023-01-28,10.521593796342174,0.6158958991071806,23.46982823907103,cloudy
2023-01-29,20.12987900659157,0.0,13.617586100828285,sunny
2023-01-30,18.32565876332174,0.0,21.1753612386934,cloudy
2023-01-31,13.530228545285656,6.875310005674686,18.530457213593966,rainy
2023-02-01,9.947305851248412,0.7003771306072507,9.134750423120028,partly_cloudy
2023-02-02,19.295773196151735,0.0,16.83197113967472,cloudy
2023-02-03,15.036432179625141,0.0,0.13678838881370226,partly_cloudy
2023-02-04,19.237802067596576,0.9623383116586516,19.82598000457115,cloudy
2023-02-05,10.883734586528071,0.0,17.385267727924205,cloudy
2023-02-06,14.009877665676681,0.0,20.10928134914482,cloudy
2023-02-07,15.962997968762185,0.0,23.464946600697203,cloudy
2023-02-08,16.225710482445482,0.0,17.94095872167769,cloudy
2023-02-09,14.870271069970945,0.0,16.18471535838621,cloudy
2023-02-10,18.222872805944263,0.0,7.951453306709662,partly_cloudy
2023-02-11,13.28343432220203,0.0,9.302233890807592,partly_cloudy
2023-02-12,16.18920772735891,0.0,24.49387696141865,cloudy
2023-02-13,17.105323083465148,3.20605889768872,26.49068324564783,cloudy
2023-02-14,18.41384417441292,0.0,13.095116509503567,partly_cloudy
2023-02-15,19.12942790478314,0.0,15.368021978026192,cloudy
2023-02-16,13.742639947304138,0.0,7.7630850000498715,partly_cloudy
2023-02-17,12.634097870752253,0.0,24.38205476213956,cloudy
2023-02-18,21.187200695335385,0.0,20.32333458953423,cloudy
2023-02-19,18.466662912904322,0.0,30.529739491709993,cloudy
2023-02-20,15.337598475115962,0.0,7.973415382562089,partly_cloudy
2023-02-21,22.347604195406944,0.0,11.975936807854263,sunny
2023-02-22,18.14998241358633,0.8257877846310165,16.85156738020458,cloudy
2023-02-23,21.447348119759255,0.0,20.171916301806164,cloudy
2023-02-24,18.21616632597709,0.0,13.274658899618942,partly_cloudy
2023-02-25,24.297634364719574,0.9309622188253593,8.016311276370397,sunny
2023-02-26,23.480788060353753,0.0,22.051260231388568,cloudy
2023-02-27,17.56481381822086,0.0,20.76908290036465,cloudy
2023-02-28,21.320896909207843,0.0,7.6698071954902005,sunny
2023-03-01,20.434298764030725,5.7320707675603915,25.843542408843966,rainy
2023-03-02,22.693534255355075,0.5506974485483729,24.36158967357283,cloudy
2023-03-03,15.779793165555654,0.0,16.07437197798234,cloudy
2023-03-04,20.81707143143775,0.43997330378772953,15.636782899008292,sunny
2023-03-05,22.015948559982398,0.0,19.43246216892726,sunny
2023-03-06,13.643595005326143,0.0,8.106375437949936,partly_cloudy
2023-03-07,15.446533158525108,0.6734835557580368,15.240251833312657,cloudy
2023-03-08,12.952441594746055,0.0,2.219068356873443,partly_cloudy
2023-03-09,18.333059378519664,0.0,22.011645164023484,cloudy
2023-03-10,21.362339644554233,0.0,2.508054220465125,sunny
2023-03-11,23.78248799208005,0.0,27.027358627431994,cloudy
2023-03-12,19.560656629488577,0.0,12.359039248268397,partly_cloudy
2023-03-13,24.284407216132827,0.0,13.306664144550584,sunny
2023-03-14,15.31565949962675,0.0,9.978128751323954,partly_cloudy
2023-03-15,14.400417844886071,0.0,12.69568900862339,partly_cloudy
2023-03-16,19.3957051692292,0.0,26.348250761184293,cloudy
2023-03-17,20.763494185540928,0.0,4.9024692522806355,sunny
2023-03-18,19.559315132266267,0.0,25.215723088705502,cloudy
2023-03-19,13.498312918395442,0.0,17.704187848813664,cloudy
2023-03-20,19.473644433185836,1.5750340483844092,5.343826817142276,cloudy
2023-03-21,15.86507491354201,0.0,6.397500855606097,partly_cloudy
2023-03-22,21.822082349206205,5.541598776014865,28.411144217665623,rainy
2023-03-23,20.944532905811467,0.0,7.4359449604581505,sunny
2023-03-24,17.053855064957794,0.0,5.773195915232325,partly_cloudy
2023-03-25,18.35772419886345,0.0,24.098516338917833,cloudy
2023-03-26,16.744581528512466,0.0,17.708423010287312,cloudy
2023-03-27,19.75414177712,0.0,7.496595387708809,partly_cloudy
2023-03-28,22.824616922975505,0.0,16.73299980323695,sunny
2023-03-29,17.016071592074923,0.0,6.793978530877782,partly_cloudy
2023-03-30,21.496493758109175,0.0,23.80657118738084,cloudy
2023-03-31,18.40172725727951,0.0,23.49096771898507,cloudy
2023-04-01,17.619066523011874,0.0,19.256049590575543,cloudy
2023-04-02,19.678816317498228,1.7848930091400645,17.893288489976133,cloudy
2023-04-03,16.893439619289257,0.0,29.08950499893899,cloudy
2023-04-04,18.33451489083203,0.0,14.997490619105802,partly_cloudy
2023-04-05,16.395163478083788,0.0,5.545006996633591,partly_cloudy
2023-04-06,25.87334700740309,2.335187262193625,18.595791302658455,cloudy
2023-04-07,20.072379673456886,0.0,31.68837639629691,cloudy
2023-04-08,17.85187658702922,2.022804309749709,6.881924054513183,cloudy
2023-04-09,20.57450822487681,0.0,12.108297866448114,sunny
2023-04-10,19.57415649086206,0.0,18.331568304811622,cloudy
2023-04-11,19.223867103723737,0.0,14.568761207954086,partly_cloudy
2023-04-12,21.70198159976858,0.018750864328912313,7.141571356981483,sunny
2023-04-13,22.101788649941742,0.0,23.974862849843767,cloudy
2023-04-14,18.204633473623318,0.0,33.56032577613807,cloudy
2023-04-15,18.03265078438964,0.0,16.569051672191257,cloudy
2023-04-16,18.896026874835684,0.0,7.767453682111998,partly_cloudy
2023-04-17,12.773614336033889,1.0266385134428386,2.6083157995721997,cloudy
2023-04-18,15.089132299045833,0.0,17.063807849769447,cloudy
2023-04-19,23.68780097220654,0.0,23.831018746530063,cloudy
2023-04-20,24.47171310680831,0.0,18.801341971963055,sunny
2023-04-21,18.736507681452583,2.641547365136271,14.98076927264917,cloudy
2023-04-22,21.15728232307151,0.0,10.28582678568555,sunny
2023-04-23,20.302563926584924,0.0,6.2626909382552824,sunny
2023-04-24,28.543881735745508,0.0,21.678010610599056,cloudy
2023-04-25,22.601631956234666,3.063026749787975,22.310172971084686,cloudy
2023-04-26,18.792083486151643,0.0,2.634161706474135,partly_cloudy
2023-04-27,16.239424979140885,0.010486671668489952,27.71871182544547,cloudy
2023-04-28,14.214219062474122,0.0,19.59256976715201,cloudy
2023-04-29,19.568783814950763,0.07189975462310841,26.196757161166346,cloudy
2023-04-30,16.61152099044202,0.0,4.2629780121190795,partly_cloudy
2023-05-01,14.533360910942335,0.0,4.073406756676489,partly_cloudy
2023-05-02,16.77734453436564,0.0,13.808245521861625,partly_cloudy
2023-05-03,15.386777269655926,0.9175442825792067,19.022275415161552,cloudy
2023-05-04,23.604646602715967,0.0,29.37088658341571,cloudy
2023-05-05,21.09740984437899,0.0,20.648631310521054,cloudy
2023-05-06,18.335336870236514,0.0,13.058549785503732,partly_cloudy
2023-05-07,22.703374403909173,0.0,6.789046338672863,sunny
2023-05-08,18.397485437402022,11.217492461418113,24.8400045817532,rainy
2023-05-09,15.480946859224655,0.0,7.282356593994281,partly_cloudy
2023-05-10,22.53120086963513,1.190628121020739,28.027748438178573,cloudy
2023-05-11,19.473228681841125,0.0,12.724922803147926,partly_cloudy
2023-05-12,14.637101950691045,4.346551358926028,27.724656580942803,cloudy
2023-05-13,17.0678700936546,0.0,20.431450320474227,cloudy
2023-05-14,14.899813515165816,0.0,13.904036084460333,partly_cloudy
2023-05-15,13.263820915592957,0.0,10.844829025390986,partly_cloudy
2023-05-16,20.07410818345981,0.0,12.272736981231361,sunny
2023-05-17,22.905019058170016,0.0,18.426533539001902,sunny
2023-05-18,12.86013337961435,0.0,15.617251969741734,cloudy
2023-05-19,18.62171997894149,0.8785392234594991,10.249508735450359,partly_cloudy
2023-05-20,14.85580638740468,0.0,13.674948717458943,partly_cloudy
2023-05-21,15.21926249084125,0.19520501797971207,15.628616237753198,cloudy
2023-05-22,14.774381799374241,0.0,2.0298727553184968,partly_cloudy
2023-05-23,13.828574823326186,0.0,18.66534491830959,cloudy
2023-05-24,16.433193029792832,0.0,7.162230202265546,partly_cloudy
2023-05-25,13.659995650400173,0.13410435702136372,5.77334077435404,partly_cloudy
2023-05-26,16.827611109588737,0.0,1.5012452231143172,partly_cloudy
2023-05-27,15.727138194577323,0.0,0.6488600170568777,partly_cloudy
2023-05-28,15.020878538444027,0.0,4.156419975101686,partly_cloudy
2023-05-29,12.873201637976969,0.0,9.327832338956076,partly_cloudy
2023-05-30,13.722090393701514,0.0,30.626073100212544,cloudy
2023-05-31,17.57347415909661,3.2693986202319856,10.792962592838368,cloudy
2023-06-01,16.66337547303168,0.0,16.42200085014425,cloudy
2023-06-02,12.079752400062102,0.0,18.20385109205063,cloudy
2023-06-03,15.160723987374583,1.379329232519219,16.048521489726788,cloudy
2023-06-04,16.965756446853998,0.16037837492673826,14.38045231419205,partly_cloudy
2023-06-05,9.550851091720485,0.12067005215011521,5.437649891206043,partly_cloudy
2023-06-06,16.03526842064476,0.0,26.607420386233695,cloudy
2023-06-07,12.262132122858008,0.0,29.457573149103084,cloudy
2023-06-08,15.805355593935689,2.4598187680415684,1.538730447018514,cloudy
2023-06-09,11.64612529693712,0.0,6.807771272908964,partly_cloudy
2023-06-10,8.3624333500461,1.4565916664303762,12.76151726098395,cloudy
2023-06-11,8.734509993648183,0.0,7.2836976407184695,partly_cloudy
2023-06-12,13.600377966691479,0.3190527684537657,19.047724427646923,cloudy
2023-06-13,14.073252327409751,0.0,9.173822380747096,partly_cloudy
2023-06-14,10.418120534045052,0.0,32.32044854245282,cloudy
2023-06-15,14.882905569067022,0.0,24.52438875474877,cloudy
2023-06-16,7.817746565185287,0.0,16.70059224505772,cloudy
2023-06-17,12.438415531338132,0.0,23.215890106557858,cloudy
2023-06-18,8.837173205522,0.0,23.84720339485847,cloudy
2023-06-19,10.347548378899646,12.810945761268286,10.488420095534053,rainy
2023-06-20,12.277405168347192,5.409511208808631,8.470262043664281,rainy
2023-06-21,9.385488802083918,0.0,15.625144503757179,cloudy
2023-06-22,10.643999224566146,1.0937626198971955,21.893088995983554,cloudy
2023-06-23,14.646948557028495,2.022177591559709,16.11248318922734,cloudy
2023-06-24,9.727316360629295,0.0,2.3840281424720224,partly_cloudy
2023-06-25,13.794558110721232,0.0,8.577404448393262,partly_cloudy
2023-06-26,7.727469507244095,0.0,14.408217091244977,partly_cloudy
2023-06-27,12.534780031917851,3.662693023676061,14.394675165393357,cloudy
2023-06-28,15.098570654308329,0.9684743405698264,30.780337414318467,cloudy
2023-06-29,3.1871992732760654,0.0,3.9120964608080158,partly_cloudy
2023-06-30,8.039536563633883,1.772344565063478,19.044713934686996,cloudy
2023-07-01,11.989400783812943,0.40784947590070186,26.912904866626317,cloudy
2023-07-02,9.476933810757908,0.0,33.17159796338237,cloudy
2023-07-03,11.027367651227047,0.0,11.76482061452831,partly_cloudy
2023-07-04,7.929860037581221,0.0,18.931435621761597,cloudy
2023-07-05,9.829547032373394,0.048978382541060635,19.558082857589177,cloudy
2023-07-06,8.930835520165838,3.563979224278279,16.563853852426327,cloudy
2023-07-07,12.729481392644802,0.0,14.209238390085552,partly_cloudy
2023-07-08,9.817895031731663,1.4599491874370412,18.487803116000368,cloudy
2023-07-09,9.896217915008664,0.0,5.257968681757482,partly_cloudy
2023-07-10,7.47688732710678,0.0,20.45655592050105,cloudy
2023-07-11,7.079189358583768,0.0,16.009423229295738,cloudy
2023-07-12,7.074255307155971,0.0,13.220200825773876,partly_cloudy
2023-07-13,9.385690569879277,4.122892866231186,31.374897565756463,cloudy
2023-07-14,6.7703176596034425,0.0,9.600527849675583,partly_cloudy
2023-07-15,8.734115416291278,0.0,11.775392087479753,partly_cloudy
2023-07-16,13.9231456936302,0.0,30.93242641763787,cloudy
2023-07-17,10.143152305485732,1.2256682929649099,8.343509561201147,cloudy
2023-07-18,6.385274476216402,1.3193043951075851,10.599077736507688,cloudy
2023-07-19,10.801335014499676,0.0,13.8237966125532,partly_cloudy
2023-07-20,5.8086456882004525,0.0,21.725875857036392,cloudy
2023-07-21,0.75455598510817,0.0,16.662420058826505,cloudy
2023-07-22,3.681656245002489,1.3721888291937,4.658997222781899,cloudy
2023-07-23,0.9315011102151063,0.0,10.742651494982484,partly_cloudy
2023-07-24,5.32832224057841,0.0,10.141164534302309,partly_cloudy
2023-07-25,6.278175485529006,0.0,14.382231638215636,partly_cloudy
2023-07-26,11.093409170261186,0.0,18.406749269038635,cloudy
2023-07-27,6.887222533136267,1.884372025833694,18.345646047103777,cloudy
2023-07-28,5.092695013877882,0.0,0.7919059676127826,partly_cloudy
2023-07-29,8.083028900045521,2.783619775654699,23.511527900486847,cloudy
2023-07-30,-1.1924728621082359,0.0,17.02055076797299,cloudy
2023-07-31,5.995248597587056,0.0,26.07625638075125,cloudy
2023-08-01,7.449868510574001,0.0,18.553586618325376,cloudy
2023-08-02,0.5518231282027264,0.0,23.8105836618861,cloudy
2023-08-03,8.270638219462256,0.6630925871897281,18.732362491601016,cloudy
2023-08-04,5.70818874086391,0.0,25.769806049621984,cloudy
2023-08-05,3.3017318728910907,0.0,19.17800508814223,cloudy
2023-08-06,6.302452974217097,4.734344948432619,14.216678028456768,cloudy
2023-08-07,11.074355894369939,0.5741543771272133,33.17947776357505,cloudy
2023-08-08,4.667746242250757,0.0,22.112296978239137,cloudy
2023-08-09,4.72842112665179,2.849224507194322,19.589955368035305,cloudy
2023-08-10,2.4690713017460024,0.0,4.789564667693313,partly_cloudy
2023-08-11,1.1628387456472815,0.0,4.693539060291698,partly_cloudy
2023-08-12,6.070460317267093,0.0,17.341723857134827,cloudy
2023-08-13,0.8801849501825565,1.3371869842074735,16.164169582145927,cloudy
2023-08-14,3.5340600695228424,0.0,10.08701947993347,partly_cloudy
2023-08-15,1.759293564934492,0.0,16.12786159689648,cloudy
2023-08-16,4.504127208369397,4.738250236290968,27.709015424348767,cloudy
2023-08-17,3.945150214789066,0.0,20.56321979640239,cloudy
2023-08-18,5.935850696014081,0.0,5.871931921978094,partly_cloudy
2023-08-19,1.174375262570891,0.0,14.107929382856451,partly_cloudy
2023-08-20,1.7781550856339279,0.8534081111890731,8.560268153179514,partly_cloudy
2023-08-21,-0.4629594226670042,0.0,11.898400668731512,partly_cloudy
2023-08-22,1.0282340918662445,0.044130098710003056,11.691074674962858,partly_cloudy
2023-08-23,3.383061065464147,2.180036761665379,11.178835339167959,cloudy
2023-08-24,4.414467299148912,0.0,4.958917024212841,partly_cloudy
2023-08-25,-0.7283246103590288,0.0,13.97876254785448,partly_cloudy
2023-08-26,4.544018297107542,5.523612905838238,10.51513890522152,rainy
2023-08-27,5.901533061955693,0.1073456765916481,8.435589520018144,partly_cloudy
2023-08-28,2.97676272243201,1.0852977045945922,31.423776196013304,cloudy
2023-08-29,7.271132643487835,0.6026366931013775,23.710157233733376,cloudy
2023-08-30,-0.7738581708413421,2.6247571261462808,11.989594200600031,cloudy
2023-08-31,-2.2771858074325193,7.958152357683365,15.150552397924788,rainy
2023-09-01,-3.9675820272119457,0.0,5.626765221459506,partly_cloudy
2023-09-02,5.771069747374328,0.0,28.565783022486922,cloudy
2023-09-03,3.162974929326819,0.0,30.178309558184893,cloudy
2023-09-04,0.9526727609737053,0.0,16.253549825972197,cloudy
2023-09-05,1.881512971610371,1.2469903363446437,23.188245153482757,cloudy
2023-09-06,-2.410025165141975,0.0,16.40229423147139,cloudy
2023-09-07,8.231209637908318,0.0,4.306196488992555,partly_cloudy
2023-09-08,1.2118272853317482,0.0,11.705413048290742,partly_cloudy
2023-09-09,1.0852771618837458,0.0,16.055423734175655,cloudy
2023-09-10,2.8700605613162837,0.0,11.363618250052447,partly_cloudy
2023-09-11,2.0742142322558275,0.0,13.250773780519712,partly_cloudy
2023-09-12,1.2440406389331868,0.5779435711227396,14.268803539927085,partly_cloudy
2023-09-13,-1.8550391664576509,0.0,14.35297201707631,partly_cloudy
2023-09-14,1.877595105103534,0.0,15.418067923979866,cloudy
2023-09-15,6.058895319552141,0.0,6.515159468827193,partly_cloudy
2023-09-16,4.401554652823445,0.0,9.26387080697651,partly_cloudy
2023-09-17,5.100182049677549,3.9342223283101747,4.7233258744002455,cloudy
2023-09-18,-1.254828995584167,0.0,22.8225243974896,cloudy
2023-09-19,-2.7289199670994218,0.0,1.8451755347225962,partly_cloudy
2023-09-20,-0.1734976767538446,0.0,24.228722746535404,cloudy
2023-09-21,0.33790921706626337,0.0,26.090795178102745,cloudy
2023-09-22,3.423093055774541,0.17051749093933655,12.582555304139028,partly_cloudy
2023-09-23,-4.964169791467862,0.0,5.825096702618389,partly_cloudy
2023-09-24,4.677510318447295,0.0,12.109515504261676,partly_cloudy
2023-09-25,-0.40659218841111133,0.0,14.486526709689446,partly_cloudy
2023-09-26,-1.231696320849236,0.0,6.915214240568693,partly_cloudy
2023-09-27,-3.0029021433222027,0.0,10.878252849534057,partly_cloudy
2023-09-28,-4.9437416242512295,0.0,27.241561590906812,cloudy
2023-09-29,2.4807145960354067,1.2408924793377714,20.319417298413928,cloudy
2023-09-30,0.22449109469163941,0.0,7.6034870849752005,partly_cloudy
2023-10-01,-3.86904928577054,0.0,2.219206643236543,partly_cloudy
2023-10-02,-3.8851437135527505,0.0,12.383861459121832,partly_cloudy
2023-10-03,-1.0050391176692925,0.0,13.292345765196494,partly_cloudy
2023-10-04,5.014564463471344,0.0,18.96959349890653,cloudy
2023-10-05,-0.7631282656464582,3.283959576736265,10.717466299458728,cloudy
2023-10-06,-4.482678590435874,0.0,19.09199660289489,cloudy
2023-10-07,-0.6964191537296243,0.10670994701689866,30.481232320481833,cloudy
2023-10-08,-0.7603497781825299,0.0,21.5240081795541,cloudy
2023-10-09,-8.01288202300404,0.44969946737174804,14.615291941353819,partly_cloudy
2023-10-10,-0.06220955042696766,0.0,13.534796231573642,partly_cloudy
2023-10-11,-0.5662980145658993,0.0,12.14661492656103,partly_cloudy
2023-10-12,2.2438809269193323,0.8015972209434284,24.445127299617155,cloudy
2023-10-13,5.733803582119942,0.0,9.981492432389576,partly_cloudy
2023-10-14,3.601211673586702,0.0,15.36178167199986,cloudy
2023-10-15,-0.5476706233886995,0.45852766957417684,15.409583215048682,cloudy
2023-10-16,-3.0202169447400826,0.0,10.985726457507745,partly_cloudy
2023-10-17,8.06268003320103,0.0,4.020275616927194,partly_cloudy
2023-10-18,0.5663574633204533,0.0,17.583796028941347,cloudy
2023-10-19,0.47943960981977757,0.5457083328138416,14.51196822515693,partly_cloudy
2023-10-20,0.417059575718452,1.200185792864586,19.00192375549256,cloudy
2023-10-21,1.1382904080321357,8.398031449859902,10.731197548486666,rainy
2023-10-22,0.16835818480921372,2.956928744365557,24.766570390504384,cloudy
2023-10-23,-1.0593583088699676,0.05508655727376305,7.985809750305242,partly_cloudy
2023-10-24,-0.9159936595131399,0.0,28.696322272143142,cloudy
2023-10-25,0.6920273121856549,0.0,1.0189079213739074,partly_cloudy
2023-10-26,-0.7715541952546416,0.0,18.47816051645513,cloudy
2023-10-27,-1.2086754760578469,0.0,18.803445460212988,cloudy
2023-10-28,1.3229819865532588,1.3775634780977841,8.635543456472941,cloudy
2023-10-29,0.31525488314194905,0.22292194903320886,18.3951515028881,cloudy
2023-10-30,5.671303866314419,0.0,25.23614935808127,cloudy
2023-10-31,-6.711826476621462,3.453102901260399,2.7345507148325154,cloudy
2023-11-01,4.599957008471417,0.0,19.021958459926516,cloudy
2023-11-02,5.1506159947348555,0.0,4.94616656264062,partly_cloudy
2023-11-03,-4.7183416124997315,0.0,7.274681571814336,partly_cloudy
2023-11-04,0.5657531614141744,0.0,28.03333091920756,cloudy
2023-11-05,0.5739711383545445,0.0,10.345743732863568,partly_cloudy
2023-11-06,-2.437300617177609,0.0,5.608960284728219,partly_cloudy
2023-11-07,-0.4488406528462332,0.0,13.416498168122544,partly_cloudy
2023-11-08,-1.3453384181442525,0.0,31.543250705308417,cloudy
2023-11-09,7.347354762703093,0.0,0.346542022351791,partly_cloudy
2023-11-10,5.004076668734622,0.0,6.589520706885244,partly_cloudy
2023-11-11,6.1205170161431,0.0,26.97945346543701,cloudy
2023-11-12,4.581958107344078,0.0,29.861618748301858,cloudy
2023-11-13,-0.8568761906172462,0.0,14.172550205677728,partly_cloudy
2023-11-14,1.0722689715208147,0.0,5.08757837978686,partly_cloudy
2023-11-15,4.2316833007246295,2.380791568992776,31.766748014473272,cloudy
2023-11-16,-0.7829496494935877,0.0,27.755539133993572,cloudy
2023-11-17,5.144412020000685,0.0,20.431575902097862,cloudy
2023-11-18,2.4084961332889243,0.0,8.50078120850064,partly_cloudy
2023-11-19,2.1311013890217483,4.731971292062333,14.607765273295707,cloudy
2023-11-20,5.516533722187684,0.0,13.717119351641355,partly_cloudy
2023-11-21,4.846494324108292,0.0,17.64681043692462,cloudy
2023-11-22,2.562778493640982,0.0,26.60801150505069,cloudy
2023-11-23,7.257521925684063,0.0,22.035336329099223,cloudy
2023-11-24,0.6720413160490355,0.0,6.380991384121934,partly_cloudy
2023-11-25,5.900539951225142,0.0,26.0119716001563,cloudy
2023-11-26,5.971301039367137,0.0,17.505057120105242,cloudy
2023-11-27,3.4043431191468425,0.32999525250060757,20.49652636687133,cloudy
2023-11-28,5.454045935050142,0.0,26.732326874228825,cloudy
2023-11-29,0.8666075554611048,1.9105726710959237,6.107358003891591,cloudy
2023-11-30,7.537924983965206,0.0,14.713395370348296,partly_cloudy
2023-12-01,4.358584152149975,4.281210880684546,10.74836358912628,cloudy
2023-12-02,3.49407543684309,3.255239768907216,2.457124597076353,cloudy
2023-12-03,8.359689276352789,1.4072306561636723,17.77367982083936,cloudy
2023-12-04,3.2514662193432162,6.830183846100176,35.092452412675385,rainy
2023-12-05,1.2923226935052128,0.0,0.2793780439539777,partly_cloudy
2023-12-06,1.0023565539239536,0.0,14.741755111604238,partly_cloudy
2023-12-07,7.646093827913754,0.0,20.12434348059819,cloudy
2023-12-08,2.1438320504514192,2.013915418987042,15.984625613249449,cloudy
2023-12-09,11.407748483517016,0.36293559141326953,14.094975579874077,partly_cloudy
2023-12-10,0.056966347442108045,4.272917248176111,4.606269092433406,cloudy
2023-12-11,11.5526078831064,1.1154490627004505,16.86229394352131,cloudy
2023-12-12,7.257823405666718,0.0,8.94588818387259,partly_cloudy
2023-12-13,6.497164047465169,0.025375338245871248,2.5193736398284265,partly_cloudy
2023-12-14,5.316030493010262,0.0,24.556737764109847,cloudy
2023-12-15,8.31258401425012,1.4990102293170062,22.66708655873634,cloudy
2023-12-16,7.167514317384391,2.541319689494188,15.413287814808639,cloudy
2023-12-17,10.756372694887698,0.0,16.83259750564562,cloudy
2023-12-18,7.955955285926616,0.0,23.59454410172449,cloudy
2023-12-19,8.231690154343971,2.629782587521185,16.79471725422466,cloudy
2023-12-20,6.8581183646722295,0.4150619883105383,22.232140438090514,cloudy
2023-12-21,7.946896030404356,0.0,12.6201423930092,partly_cloudy
2023-12-22,9.210473864861399,3.419218429222009,25.495869908591573,cloudy
2023-12-23,3.3264066153873024,1.556511668598201,17.566285807461473,cloudy
2023-12-24,4.582656012550197,0.0,16.55241554884699,cloudy
2023-12-25,11.027711833074614,0.0,4.839511290303744,partly_cloudy
2023-12-26,9.48157933990947,0.0,17.29564683441367,cloudy
2023-12-27,8.588402003567484,0.0,8.34436066004439,partly_cloudy
2023-12-28,9.367277531172979,0.0,9.893738187772048,partly_cloudy
2023-12-29,10.52654844385247,0.0,8.476994973471031,partly_cloudy
2023-12-30,8.036504842844446,0.0,6.4701205448062,partly_cloudy
2023-12-31,7.492952262234697,0.0,31.998171224135692,cloudy
2024-01-01,10.587535765293056,0.8165622809286673,25.650712495907225,cloudy
2024-01-02,7.23701522871324,0.0,30.362940017154088,cloudy
2024-01-03,11.568974383370858,0.0,5.216839843555489,partly_cloudy
2024-01-04,5.408445859518997,0.0,15.57002999928714,cloudy
2024-01-05,13.775491180000138,0.0,4.651938998367234,partly_cloudy
2024-01-06,12.277440434613599,0.0,9.434440982423489,partly_cloudy
2024-01-07,11.799106177415958,0.3062370681216703,7.654984132667401,partly_cloudy
2024-01-08,14.15015340083008,0.0,24.916672051532494,cloudy
2024-01-09,16.369211054520385,1.1969506958404244,11.830162575185922,cloudy
2024-01-10,14.586198401697203,0.0,23.547034669552133,cloudy
2024-01-11,6.190308747819834,2.106212651071003,19.832967116708144,cloudy
2024-01-12,8.043536198225347,0.0,33.42911001683831,cloudy
2024-01-13,10.176589265599159,0.868886742813942,3.164446214882208,partly_cloudy
2024-01-14,12.297488280674152,0.0,25.07386591829439,cloudy
2024-01-15,13.93970472146686,0.0,24.17152696320582,cloudy
2024-01-16,10.376301511701477,7.736484833189782,7.212969295783723,rainy
2024-01-17,13.279881868772287,0.0,23.057066691785277,cloudy
2024-01-18,10.618675531746115,0.0,17.689159704209832,cloudy
2024-01-19,11.21465883758705,2.2551198890215107,13.180189920372738,cloudy
2024-01-20,8.992713326378977,0.0,8.408516104224002,partly_cloudy
2024-01-21,10.605529257608415,2.318809728049773,9.247124388406512,cloudy
2024-01-22,9.481707404914705,0.0,31.39849676628741,cloudy
2024-01-23,10.769625669974735,0.0,15.00546255165986,cloudy
2024-01-24,17.017559452259587,0.0,21.25704001225167,cloudy
2024-01-25,11.166683225563894,0.0,8.672804946659575,partly_cloudy
2024-01-26,22.06908222063533,3.6285148242256637,8.76117643022689,cloudy
2024-01-27,15.807709628146977,0.6549982787574946,23.655878473999536,cloudy
2024-01-28,15.03680178848872,0.0,4.203390307587743,partly_cloudy
2024-01-29,12.060429368484856,0.0,11.678289856757829,partly_cloudy
2024-01-30,16.88826803938486,0.0,15.272219288577856,cloudy
2024-01-31,13.210842022886446,0.0,15.89098081472042,cloudy
2024-02-01,15.452738882457119,0.0,13.56725371987075,partly_cloudy
2024-02-02,22.914409688461873,0.0,18.166558248767384,sunny
2024-02-03,15.091872016209043,0.0,20.542846046542493,cloudy
2024-02-04,18.972173110533216,0.0,20.87710036367464,cloudy
2024-02-05,13.557488287533502,0.0,7.1135695306573865,partly_cloudy
2024-02-06,15.703037263047108,4.099058532192799,12.726759216569622,cloudy
2024-02-07,21.25966877651417,0.0,24.5581028950155,cloudy
2024-02-08,14.20386752778795,0.0,22.15717750059098,cloudy
2024-02-09,21.657813158399446,0.0,4.017124388151489,sunny
2024-02-10,18.47757881526821,0.6029856265945404,17.811839202817612,cloudy
2024-02-11,14.798895282667019,0.0,0.8258019949984821,partly_cloudy
2024-02-12,18.513569399589347,0.0,15.375479216482956,cloudy
2024-02-13,19.662099537209627,0.0,30.182136133967816,cloudy
2024-02-14,18.735957558888266,0.2352923957685293,7.41685826184811,partly_cloudy
2024-02-15,12.283909110845102,1.1849954467678743,8.325415636067344,cloudy
2024-02-16,14.93515469534314,0.0,21.112238252582877,cloudy
2024-02-17,16.493884476304604,0.0,2.6575878783228326,partly_cloudy
2024-02-18,17.13086994233972,0.0,9.937959760919687,partly_cloudy
2024-02-19,19.331737169617586,0.0,19.77152910065402,cloudy
2024-02-20,18.116161087585382,7.527234320704678,9.925713218484775,rainy
2024-02-21,13.68811519270908,0.0,13.112240102312228,partly_cloudy
2024-02-22,18.943552063725644,1.09826139730267,20.953485682520277,cloudy
2024-02-23,19.74121380341924,0.0,18.37236866829249,cloudy
2024-02-24,19.69298222553988,0.0,17.134547170363216,cloudy
2024-02-25,21.357732766737474,0.0,12.28702176583969,sunny
2024-02-26,20.716531996670852,0.0,17.960488922151644,sunny
2024-02-27,19.689246501343383,0.0,14.010138559201947,partly_cloudy
2024-02-28,18.195686921968832,0.0,18.662444879406276,cloudy
2024-02-29,13.515288114727303,4.833079569227942,11.024543799056174,cloudy
2024-03-01,19.876494240155782,0.0,13.539448204963671,partly_cloudy
2024-03-02,19.297626608785293,0.0,7.080337659583889,partly_cloudy
2024-03-03,19.57365356302855,0.036341292828328924,14.719939119950112,partly_cloudy
2024-03-04,15.010429371972704,0.0,8.511993090969241,partly_cloudy
2024-03-05,15.676643843370694,0.0,6.087628398704053,partly_cloudy
2024-03-06,22.155767256521138,0.0,17.069289182843104,sunny
2024-03-07,18.951472666456393,0.0,16.701918206861283,cloudy
2024-03-08,21.18578197397121,0.0,21.26298987958858,cloudy
2024-03-09,19.29466800555772,4.123263594828833,11.550995443399207,cloudy
2024-03-10,19.364685254279195,0.23887468496218844,18.264422774694047,cloudy
2024-03-11,22.153223706157245,0.0,19.406380578189307,sunny
2024-03-12,17.85042639476683,0.0,18.558190462652757,cloudy
2024-03-13,19.744326205094367,0.20303464305301905,8.394770537582863,partly_cloudy
2024-03-14,18.123739296836412,0.0,16.19490785816951,cloudy
2024-03-15,18.25885958362211,0.0,17.913122368437293,cloudy
2024-03-16,18.683781468317086,0.0,15.057427735263536,cloudy
2024-03-17,20.323800691449684,0.7169681896743889,1.6918212669686774,sunny
2024-03-18,18.26439335352464,0.0,16.28391699178784,cloudy
2024-03-19,23.508272928444768,0.0,32.70024831517794,cloudy
2024-03-20,17.094661508398058,0.0,12.119685849944139,partly_cloudy
2024-03-21,19.252449770232012,0.0,9.175383217157432,partly_cloudy
2024-03-22,18.5255449926984,0.0,17.986788477691185,cloudy
2024-03-23,24.214428077001063,0.0,17.499025683732572,sunny
2024-03-24,20.48898928040825,3.8246550632281524,24.541881323331317,cloudy
2024-03-25,23.01775571258523,0.0,4.937054752728898,sunny
2024-03-26,15.485497949828604,0.0,20.85104202059994,cloudy
2024-03-27,20.760340759079565,0.0,19.72337649001171,sunny
2024-03-28,22.642142117951867,0.40994475216797754,13.862827704475631,sunny
2024-03-29,20.231206179381914,0.16452352064820483,17.70949854337352,sunny
2024-03-30,23.188941237592886,0.0,23.23565985278686,cloudy
2024-03-31,18.44581966949779,0.0,21.978523040227604,cloudy
2024-04-01,24.22794971791864,0.0,5.855845503410171,sunny
2024-04-02,26.89586095740513,0.0,21.561265494043877,cloudy
2024-04-03,18.906947125554595,0.0,14.482491159739853,partly_cloudy
2024-04-04,18.65228959164802,0.0,15.582992784124123,cloudy
2024-04-05,24.339325040007026,0.0,15.585575928013556,sunny
2024-04-06,24.70530545473384,0.0,13.79805608961392,sunny
2024-04-07,18.38247302954717,0.0,24.53365997685652,cloudy
2024-04-08,18.672008041386572,1.827480515087411,14.330256321206305,cloudy
2024-04-09,19.065786813353025,0.0,6.0436309729346505,partly_cloudy
2024-04-10,15.853424369220576,0.0,11.851761152242169,partly_cloudy
2024-04-11,17.10352566018571,4.807615461568678,16.429557734483804,cloudy
2024-04-12,16.816843219543617,2.2124842213761022,24.833718274376402,cloudy
2024-04-13,17.492744221142516,0.0,19.82475747959067,cloudy
2024-04-14,19.65605084416334,4.223580741509883,8.195717770023649,cloudy
2024-04-15,20.423826163900177,1.6962006741298403,34.88151933343113,cloudy
2024-04-16,24.33087930868287,0.0,17.118202487823837,sunny
2024-04-17,16.639643363425115,0.0,25.203125903992117,cloudy
2024-04-18,22.54014536530272,0.0,13.786284531382167,sunny
2024-04-19,18.894843433627933,1.1404293797662677,19.266873957643597,cloudy
2024-04-20,19.33522467116441,2.973375849333452,21.71574803614724,cloudy
2024-04-21,21.452069910404013,0.0,24.745557694034048,cloudy
2024-04-22,16.000647398267425,0.0,23.458946443025802,cloudy
2024-04-23,20.454468548931946,0.0,21.977576000583824,cloudy
2024-04-24,19.7422638465701,0.0,12.479306150447131,partly_cloudy
2024-04-25,20.653190052618385,0.0,10.426031664351509,sunny
2024-04-26,19.973552232665625,1.7914922613190258,17.66086008259358,cloudy
2024-04-27,26.399458442979522,0.0,22.465024578728553,cloudy
2024-04-28,17.045172954595138,0.5421310394332255,13.218234393787144,partly_cloudy
2024-04-29,17.28758236128948,0.0,23.521375725715092,cloudy
2024-04-30,16.93070046046107,0.0,26.620933963889435,cloudy
2024-05-01,17.050631829612453,0.0,7.669432647412642,partly_cloudy
2024-05-02,16.719259898579562,1.3375612173375064,8.30463436962976,cloudy
2024-05-03,22.11027129082093,2.1123948618385766,13.876999528757308,cloudy
2024-05-04,22.714003317500193,0.0,17.46090134551357,sunny
2024-05-05,16.647015912937942,1.8358394486662004,10.803463889863593,cloudy
2024-05-06,15.766475267926412,0.0,25.817621430937155,cloudy
2024-05-07,19.579627183618378,1.4115169777113545,18.39253489214761,cloudy
2024-05-08,16.408130330366532,0.0,15.315576385925915,cloudy
2024-05-09,19.860624091092692,0.0,3.5127238090517796,partly_cloudy
2024-05-10,18.465267613341048,0.0,4.473473468579943,partly_cloudy
2024-05-11,13.20160806867872,0.0,17.24807400225445,cloudy
2024-05-12,22.281401731895613,1.2791876331344174,2.0607650092386898,cloudy
2024-05-13,22.914301294606652,0.09344696800468241,23.101099277152574,cloudy
2024-05-14,15.573854037032806,0.0,13.734769245021438,partly_cloudy
2024-05-15,16.132470861056923,0.0,40.944743756757866,cloudy
2024-05-16,18.03436530893434,0.0,33.463330004928885,cloudy
2024-05-17,18.059206471032862,0.804980097288224,13.548407446019866,partly_cloudy
2024-05-18,18.90844508688828,1.315718605257502,14.14930397974948,cloudy
2024-05-19,22.838347711069215,0.43655510089128596,22.96465211201624,cloudy
2024-05-20,16.149796959653195,0.0,28.625380879344302,cloudy
2024-05-21,14.156671838475502,0.6589068558228242,1.8957675405118657,partly_cloudy
2024-05-22,12.28258944832207,0.0,0.7089962771625071,partly_cloudy
2024-05-23,14.09483802613258,1.4537083786488412,10.023721555564949,cloudy
2024-05-24,16.053465081011893,0.0,19.661900665390917,cloudy
2024-05-25,21.3999142228026,0.0,18.974988724060776,sunny
2024-05-26,14.325018625816206,0.0,23.5581716398708,cloudy
2024-05-27,16.40908653395994,0.0,5.4024197730775345,partly_cloudy
2024-05-28,15.546623935883524,0.0,3.529150903751013,partly_cloudy
2024-05-29,19.01758420575078,0.0,21.864113562417163,cloudy
2024-05-30,22.88809775924019,0.0,8.374429816278123,sunny
2024-05-31,13.568017591397561,0.0,1.1479029151091034,partly_cloudy
2024-06-01,13.544099806903091,0.0,16.160509967675054,cloudy
2024-06-02,17.99520970229414,0.6948325140732948,21.34540550574942,cloudy
2024-06-03,16.757269545617568,0.0,14.023542943029781,partly_cloudy
2024-06-04,20.09918891229269,1.0117260531493366,11.337212910540085,cloudy
2024-06-05,16.156972399482846,0.18224202023315117,13.725102142832748,partly_cloudy
2024-06-06,13.172127127334354,0.0,12.035337900793737,partly_cloudy
2024-06-07,15.865524080233142,0.0,4.215623104478663,partly_cloudy
2024-06-08,17.262013508313395,0.0,9.282554584076546,partly_cloudy
2024-06-09,16.23852619563175,0.0,19.170239240110515,cloudy
2024-06-10,15.138959400619566,0.0,17.573428331012,cloudy
2024-06-11,16.656147195474798,0.0,16.344478447734563,cloudy
2024-06-12,16.80197159358233,2.4230610241850203,7.038812145172964,cloudy
2024-06-13,17.27754738247086,9.87203148395622,13.547974702914663,rainy
2024-06-14,14.913257855503833,0.0,2.4165203715428376,partly_cloudy
2024-06-15,12.300952511041604,0.6424267660938033,16.427813311083117,cloudy
2024-06-16,13.076795986580052,1.0036527296729498,26.43086166250854,cloudy
2024-06-17,16.089748704334426,0.0,3.2069429436631545,partly_cloudy
2024-06-18,9.852249689344418,0.0,10.312578613457958,partly_cloudy
2024-06-19,13.241229081016673,0.0,17.632854229681037,cloudy
2024-06-20,10.786712460953696,0.0,25.02274107541987,cloudy
2024-06-21,11.883900326060076,0.0,11.414203069598805,partly_cloudy
2024-06-22,15.463425717207071,0.7403099796587977,9.46199736587283,partly_cloudy
2024-06-23,12.03128917325847,3.4721619877554226,0.751385139328665,cloudy
2024-06-24,11.426791418994272,0.0,15.827505034464851,cloudy
2024-06-25,7.037021648277193,0.0,31.336608321149953,cloudy
2024-06-26,13.184128196253667,0.0,17.218867695717407,cloudy
2024-06-27,12.710317335757875,2.0234093701342424,14.821768166530294,cloudy
2024-06-28,17.091896943574298,0.0,17.576658486135884,cloudy
2024-06-29,9.506887625186312,0.0,14.911263968411184,partly_cloudy
2024-06-30,10.915635385263162,0.0,8.495885021918962,partly_cloudy
2024-07-01,10.834221020019172,0.0,21.586239325421644,cloudy
2024-07-02,14.64628987040353,0.0,16.806092184894034,cloudy
2024-07-03,9.455929000567812,0.0,15.140906015469259,cloudy
2024-07-04,10.406842247265732,0.0,7.197071781774,partly_cloudy
2024-07-05,11.221556755491713,0.0,25.428063455478075,cloudy
2024-07-06,9.785962577134438,0.0,20.31762196266488,cloudy
2024-07-07,7.715331658176422,0.0,10.576633301061584,partly_cloudy
2024-07-08,9.465679907477982,0.0,23.014598829455498,cloudy
2024-07-09,11.9334134750535,0.0,11.019433292918343,partly_cloudy
2024-07-10,5.462462132568072,0.14730958101447222,8.743972059911705,partly_cloudy
2024-07-11,8.770838893055464,0.0,8.922375060157703,partly_cloudy
2024-07-12,6.101971697926867,0.0,0.8314515752952705,partly_cloudy
2024-07-13,11.618410988838761,0.0,18.772339043345646,cloudy
2024-07-14,3.295230131250717,0.0,0.35084097329319874,partly_cloudy
2024-07-15,6.02017775587912,0.0,5.172449349873899,partly_cloudy
2024-07-16,8.661413820384219,0.8985831945796112,1.604704072628266,partly_cloudy
2024-07-17,12.059917160422948,0.0,14.311442457672856,partly_cloudy
2024-07-18,7.000442464788881,0.0,13.797436317825024,partly_cloudy
2024-07-19,5.367273227185513,0.0,12.386430294509088,partly_cloudy
2024-07-20,12.512400798963487,0.0,6.65937844263539,partly_cloudy
2024-07-21,2.361873476505955,0.0,5.62212997250688,partly_cloudy
2024-07-22,-0.05254099656758626,0.0,18.714958908372594,cloudy
2024-07-23,7.702906042862352,2.5745135858143215,10.595584546332098,cloudy
2024-07-24,4.71675767490252,0.0,17.530866572289156,cloudy
2024-07-25,3.0003987820432,0.0,7.91801051100622,partly_cloudy
2024-07-26,8.031509753741858,0.0,16.448501942168658,cloudy
2024-07-27,6.481398741618074,0.0,25.42622429852851,cloudy
2024-07-28,3.902576264284855,0.0,19.689326403142267,cloudy
2024-07-29,1.6000198689027236,0.02355134522896405,11.700689454268158,partly_cloudy
2024-07-30,7.905776908101794,0.0,17.05759176284742,cloudy
2024-07-31,7.087876462789085,0.0,13.074678603758295,partly_cloudy
2024-08-01,4.690054274204103,0.0,15.063041477557825,cloudy
2024-08-02,10.379287077984483,0.0,12.395111582811971,partly_cloudy
2024-08-03,1.4824452194022264,0.08944893251182512,13.68531835291687,partly_cloudy
2024-08-04,-0.028979898180734764,0.26250408776936296,16.6967468245934,cloudy
2024-08-05,2.3283831662544965,0.0,7.053130403344395,partly_cloudy
2024-08-06,4.12551927189026,0.0,6.872969384080173,partly_cloudy
2024-08-07,4.85216582504335,2.6125536771229165,3.8916595693503115,cloudy
2024-08-08,3.260051194181795,0.0,2.1978311639703207,partly_cloudy
2024-08-09,4.903320189909628,0.0,5.261738462236165,partly_cloudy
2024-08-10,-0.04224641852965938,0.0,16.275700054433035,cloudy
2024-08-11,7.910746679854135,0.0,7.8576998760649275,partly_cloudy
2024-08-12,3.20198289273144,2.23538608221123,19.10891571384877,cloudy
2024-08-13,6.67124885262905,0.6442190399602585,15.277709990020496,cloudy
2024-08-14,4.220441944362957,0.0,0.7480337075044297,partly_cloudy
2024-08-15,4.437447388591587,0.0,20.23980467377352,cloudy
2024-08-16,4.653465739624846,0.0,21.48638916473368,cloudy
2024-08-17,4.166356543292343,0.0,7.049098601321173,partly_cloudy
2024-08-18,4.632592738737777,0.0,18.361532343159933,cloudy
2024-08-19,6.575237481911337,0.0,8.148014100726408,partly_cloudy
2024-08-20,3.0628952337843307,0.0,15.781363013986683,cloudy
2024-08-21,4.488125144860117,0.0,4.884012744360275,partly_cloudy
2024-08-22,1.9819525034679006,0.0,0.6551483797233857,partly_cloudy
2024-08-23,6.463853095561267,1.7454988597001666,11.937462483096251,cloudy
2024-08-24,0.008994455996050199,0.0,14.010168429801311,partly_cloudy
2024-08-25,7.33802183552302,1.8379595221505267,11.818562451083167,cloudy
2024-08-26,1.7141456336078111,0.0,5.527755534219525,partly_cloudy
2024-08-27,-2.555867293593235,0.0,11.800807502950903,partly_cloudy
2024-08-28,2.025058450546005,0.0,17.154358020645873,cloudy
2024-08-29,-0.4956455459552833,0.0,14.640855759019704,partly_cloudy
2024-08-30,3.9787089494678973,1.126096027195722,16.460008244793706,cloudy
2024-08-31,-0.5892932184062896,0.30768778997220103,9.639078396366138,partly_cloudy
2024-09-01,-0.05561348673755795,0.0,24.37374331772928,cloudy
2024-09-02,-4.4687442325719475,0.8489211523478801,5.590613307561755,partly_cloudy
2024-09-03,-0.237492184042158,0.0,18.90048237669375,cloudy
2024-09-04,-6.230030887235953,0.0,24.455128743679694,cloudy
2024-09-05,-3.7852664937040066,0.0,18.847264741991165,cloudy
2024-09-06,3.1751976674907256,0.0,13.37980618348136,partly_cloudy
2024-09-07,3.181564215358557,0.8328625342214832,10.773623626696168,partly_cloudy
2024-09-08,2.033465463423961,0.0,23.28870120837005,cloudy
2024-09-09,-2.208167739767431,0.0,3.616200597906616,partly_cloudy
2024-09-10,0.4880524686197497,0.7456594510565666,7.239005916962851,partly_cloudy
2024-09-11,0.5615809488240927,0.0,11.819537876066228,partly_cloudy
2024-09-12,-2.958709867699336,1.8616884920116712,24.901230060095983,cloudy
2024-09-13,4.973384938996993,0.0,18.03814108832717,cloudy
2024-09-14,3.044908701854049,0.0,7.255633931918037,partly_cloudy
2024-09-15,-0.29759800713047824,8.85170061872906,12.51753835692077,rainy
2024-09-16,0.4012796867429529,0.0,10.085414847229645,partly_cloudy
2024-09-17,0.9039664575520459,0.0,9.32168806213172,partly_cloudy
2024-09-18,-5.885310111596551,0.0,22.831116468454233,cloudy
2024-09-19,-0.5376690640166856,0.0,4.026054965891955,partly_cloudy
2024-09-20,-1.8752182637932195,0.0,27.870246845874988,cloudy
2024-09-21,-2.864341529323051,1.408234738941404,21.62583752147698,cloudy
2024-09-22,-0.7300767809812683,0.0,23.726893364829586,cloudy
2024-09-23,5.481918940614022,0.9696878895894839,11.296483903797935,partly_cloudy
2024-09-24,1.9899600911268847,0.0,13.800474247367125,partly_cloudy
2024-09-25,-1.6645900803553646,0.0,3.5347854838023043,partly_cloudy
2024-09-26,1.751159326526777,0.0,10.802700743465575,partly_cloudy
2024-09-27,4.218894701104087,0.0,18.94923878114521,cloudy
2024-09-28,2.7851038928879692,0.047258154162401124,25.36850449425117,cloudy
2024-09-29,0.18342830288695014,0.0,6.142745465580386,partly_cloudy
2024-09-30,-1.9399769196641001,1.2269094089076307,12.075952504117874,cloudy
2024-10-01,2.094762543478868,0.6828543456586712,13.789606238139822,partly_cloudy
2024-10-02,1.1827711364663407,4.606834538643087,3.833686382460119,cloudy
2024-10-03,2.693079547686362,0.0,19.7307939340672,cloudy
2024-10-04,1.921161193490263,6.243445096281949,9.208077346059127,rainy
2024-10-05,3.17540841487645,0.7536582709810525,13.436877190583807,partly_cloudy
2024-10-06,-1.5648955961534954,4.385734271136216,11.384405024704979,cloudy
2024-10-07,4.010003127963457,1.8473502413695446,8.685291954242604,cloudy
2024-10-08,0.6705767198978736,0.0,14.943640116155562,partly_cloudy
2024-10-09,6.326457667002267,0.0,13.275123371455821,partly_cloudy
2024-10-10,-1.9410578782085652,0.0,12.025136941770675,partly_cloudy
2024-10-11,5.363153241974825,0.0,9.172307026557258,partly_cloudy
2024-10-12,0.7806676476718494,0.9868946593832437,17.556197366263643,cloudy
2024-10-13,-1.732737425899915,0.0,28.22893814793828,cloudy
2024-10-14,-1.1926620538871744,0.0,16.11909786271302,cloudy
2024-10-15,-0.6616811430980356,1.5591869937877605,22.96894571928903,cloudy
2024-10-16,1.6150984626572025,0.3348147598237732,3.8782245987722987,partly_cloudy
2024-10-17,1.9572086253834926,1.6135792845831347,16.262091514350157,cloudy
2024-10-18,-1.2834482777347946,1.5604835761790254,6.221053448231467,cloudy
2024-10-19,0.4163710602655133,0.0,3.1846005797447887,partly_cloudy
2024-10-20,6.970847201564162,0.0,9.08502874032771,partly_cloudy
2024-10-21,5.784068930883174,1.161213863090131,24.53519467530858,cloudy
2024-10-22,1.9705987207928375,0.7200274496578933,22.600126629357163,cloudy
2024-10-23,0.8385935987126374,0.0,16.9440377764352,cloudy
2024-10-24,1.1503811029884394,0.4328916542202438,2.7383955208805535,partly_cloudy
2024-10-25,2.6992740363379104,0.0,13.429754788896506,partly_cloudy
2024-10-26,-2.1385158236215798,0.0,17.413600071213885,cloudy
2024-10-27,0.23156169120752412,0.630100213410338,16.404289836628784,cloudy
2024-10-28,-3.9255656862282624,6.7874935648593215,0.24965133215403412,rainy
2024-10-29,2.3569942683821896,0.0,7.877457215841026,partly_cloudy
2024-10-30,3.1826707676657797,0.0,14.487377886810267,partly_cloudy
2024-10-31,-0.12412293419409148,0.0,19.290327276137518,cloudy
2024-11-01,6.134320707112066,0.0,2.5690225687995714,partly_cloudy
2024-11-02,-2.175467904282309,1.174131346885806,13.703008196161132,cloudy
2024-11-03,-2.799308696974231,0.0,16.14439015903162,cloudy
2024-11-04,2.3616491920218436,0.0,21.796895908129706,cloudy
2024-11-05,4.926529374812306,1.027589389711504,20.542860673899494,cloudy
2024-11-06,6.936392484299978,0.0,19.660570550470442,cloudy
2024-11-07,0.6097363296464138,4.2457800004935935,8.600475946384528,cloudy
2024-11-08,5.32658593272611,0.0,0.2640170969864606,partly_cloudy
2024-11-09,2.0815160807901147,1.6850462407622737,11.855577943508791,cloudy
2024-11-10,1.7879698313381511,0.0,23.01305460166848,cloudy
2024-11-11,5.067921727674399,0.0,26.14763622019545,cloudy
2024-11-12,4.487247758274711,0.0,20.684392818382282,cloudy
2024-11-13,-2.0833467005926023,0.08051833273152043,18.434726582413873,cloudy
2024-11-14,7.193180666218559,0.0,18.037117187087723,cloudy
2024-11-15,7.023707839624601,0.0,10.551050025913757,partly_cloudy
2024-11-16,1.128728624954931,0.0,13.95951765157104,partly_cloudy
2024-11-17,4.316882928075542,0.0,28.35255620661065,cloudy
2024-11-18,4.737654370518769,0.0,7.4595359536649894,partly_cloudy
2024-11-19,4.165675115048941,0.0,27.918230325678813,cloudy
2024-11-20,1.8627889281139245,0.0,12.423774764063532,partly_cloudy
2024-11-21,1.6308068872840664,0.0,25.603456872760628,cloudy
2024-11-22,3.7028703026169802,0.0,3.745479924019694,partly_cloudy
2024-11-23,7.433418356626818,0.0,19.687233609317193,cloudy
2024-11-24,5.683533594175645,0.0,9.105838912419024,partly_cloudy
2024-11-25,3.08015426920368,0.0,3.6778624646065,partly_cloudy
2024-11-26,6.64807856903386,0.0,16.748272339287567,cloudy
2024-11-27,-4.069980993566426,4.192615251900898,23.07577430876775,cloudy
2024-11-28,8.066245385733307,0.0,8.24046849125203,partly_cloudy
2024-11-29,-0.4532974099898128,0.0,3.00787231633279,partly_cloudy
2024-11-30,3.8259677372695426,0.0,14.265241885320359,partly_cloudy
2024-12-01,1.7032348145217746,0.0,14.30051736978255,partly_cloudy
2024-12-02,1.3286171716793724,0.0,19.38655702043599,cloudy
2024-12-03,8.84697765310705,0.0,22.596756570915908,cloudy
2024-12-04,4.114602978660216,0.0,14.524678549820047,partly_cloudy
2024-12-05,6.711755719687826,0.0,29.844026518354106,cloudy
2024-12-06,5.687302237239297,0.0,16.793877956282333,cloudy
2024-12-07,7.416242589609615,0.0,12.228587951944803,partly_cloudy
2024-12-08,6.373831610744671,0.0,2.107461127177377,partly_cloudy
2024-12-09,2.45377789852753,0.9772820856047518,12.898723837470659,partly_cloudy
2024-12-10,9.452039236577704,1.4319125312281242,12.308904436710911,cloudy
2024-12-11,5.1435012545749235,0.0,22.682438370251763,cloudy
2024-12-12,2.11755768709709,1.7220859223471001,18.69986899253483,cloudy
2024-12-13,5.6664422705393545,0.0,5.565047026939062,partly_cloudy
2024-12-14,11.617455043096856,0.0,16.3780350912883,cloudy
2024-12-15,9.83108365099943,0.0,20.372249373832428,cloudy
2024-12-16,6.400510645614554,0.0,27.224250875102662,cloudy
2024-12-17,6.565499226985209,2.8923247930051725,22.100031739312474,cloudy
2024-12-18,6.815879716306189,0.0,21.086773234491822,cloudy
2024-12-19,14.179198951996316,0.0,15.480687956921308,cloudy
2024-12-20,9.263539258262199,0.0,18.106496043387597,cloudy
2024-12-21,9.577193499758444,0.23141485563952902,24.996039205649268,cloudy
2024-12-22,11.54776215545272,0.0,4.337780820162802,partly_cloudy
2024-12-23,9.343579755946893,1.156602923894953,12.204485382264352,cloudy
2024-12-24,8.020793113544357,3.7542276220651862,8.819450009950074,cloudy
2024-12-25,8.379933478270704,4.471539678574234,18.033224949808993,cloudy
2024-12-26,8.925548234383328,0.1289865773751668,24.8417774052063,cloudy
2024-12-27,9.200309022447255,0.0,10.224205706231409,partly_cloudy
2024-12-28,11.666691958678411,1.1895707973368495,4.122434939755504,cloudy
2024-12-29,9.811621541194445,0.0,11.702234039804239,partly_cloudy
2024-12-30,12.025786670088388,0.0,22.30778985613925,cloudy
